{
  "Direcciones": [
    {
      "id": 1,
      "titulo": " Quillota",
      "mensaje": " Bienvenido"
    },
    {
      "id": 2,
      "titulo": " Calera",
      "mensaje": " Bienvenido"
    },
    {
      "id": 3,
      "titulo": " La Cruz",
      "mensaje": "Bienvenido "
    },
    {
      "id": 4,
      "titulo": "Quilpue ",
      "mensaje": "Bienvenido "
    },
    {
      "id": 5,
      "titulo": " Valpo",
      "mensaje": "Bienvenido "
    },
    {
      "id": 6,
      "titulo": "Hijuelas ",
      "mensaje": "Bienvenido "
    }
  ]
}